Date,Symbol,Series,Prev Close,Open,High,Low,Last,Close,VWAP,Volume,Turnover,Trades,Deliverable Volume,%Deliverble
2020-01-01,SBILIFE,EQ,961.6,965.0,980.0,961.6,975.75,976.4,971.17,349251,33918286825000.0,12529,143439,0.4107
2020-01-02,SBILIFE,EQ,976.4,975.7,975.7,966.0,969.75,969.35,969.21,335765,32542694110000.004,19727,211012,0.6285000000000001
2020-01-03,SBILIFE,EQ,969.35,970.0,982.8,969.0,975.1,975.1,975.03,451217,43994925600000.0,30280,274008,0.6073
2020-01-06,SBILIFE,EQ,975.1,966.1,1003.1,958.0,985.0,983.1,982.87,895840,88048991060000.0,47128,457122,0.5103
2020-01-07,SBILIFE,EQ,983.1,990.0,1003.0,980.0,984.95,984.9,990.02,570304,56461425335000.0,41261,351822,0.6169
2020-01-08,SBILIFE,EQ,984.9,978.0,992.3,975.2,986.0,987.75,984.01,368547,36265473500000.0,30370,225954,0.6131000000000001
2020-01-09,SBILIFE,EQ,987.75,996.8,998.0,979.75,989.0,988.5,988.93,614382,60757887675000.0,38413,399816,0.6508
2020-01-10,SBILIFE,EQ,988.5,989.0,997.0,983.3,987.4,989.0,989.79,351231,34764437505000.0,21548,244535,0.6962
2020-01-13,SBILIFE,EQ,989.0,993.0,997.95,980.0,989.8,989.85,988.07,332236,32827369755000.0,22764,176541,0.5314
2020-01-14,SBILIFE,EQ,989.85,993.0,994.0,984.0,989.0,987.8,988.77,369532,36538255605000.0,34353,274530,0.7429000000000001
2020-01-15,SBILIFE,EQ,987.8,988.0,1002.0,981.0,998.0,998.15,993.05,533340,52963081380000.0,26025,380132,0.7127
2020-01-16,SBILIFE,EQ,998.15,1000.0,1003.0,992.0,1000.0,999.9,998.87,465355,46482887865000.0,34429,331661,0.7127
2020-01-17,SBILIFE,EQ,999.9,999.8,1009.8,985.25,993.1,996.35,995.75,372188,37060757875000.0,25450,221837,0.596
2020-01-20,SBILIFE,EQ,996.35,1000.0,1001.0,975.5,980.0,981.5,986.71,341082,33655008150000.0,27166,236758,0.6940999999999999
2020-01-21,SBILIFE,EQ,981.5,980.0,987.0,970.2,972.75,972.75,974.27,355550,34640181000000.0,35107,234617,0.6598999999999999
2020-01-22,SBILIFE,EQ,972.75,980.0,992.6,972.0,980.0,981.7,982.82,1299987,127765934225000.0,51797,660495,0.5081
2020-01-23,SBILIFE,EQ,981.7,985.4,1004.0,980.2,986.5,985.95,990.81,1151390,114080872500000.0,36265,735138,0.6385000000000001
2020-01-24,SBILIFE,EQ,985.95,986.0,1020.0,977.0,999.5,999.8,1000.36,1388247,138874210755000.0,55074,662190,0.47700000000000004
2020-01-27,SBILIFE,EQ,999.8,999.8,1014.7,987.35,991.0,992.15,1002.88,740311,74244161250000.0,25400,393915,0.5321
2020-01-28,SBILIFE,EQ,992.15,993.0,1007.0,975.75,985.0,987.85,996.14,578382,57615088650000.0,36769,354377,0.6127
2020-01-29,SBILIFE,EQ,987.85,992.0,1012.15,988.0,1012.0,1007.8,1001.99,538017,53908768925000.0,36392,280155,0.5207
2020-01-30,SBILIFE,EQ,1007.8,1014.0,1017.0,989.3,999.75,998.25,1004.16,561770,56410458854999.99,33220,297852,0.5302
2020-01-31,SBILIFE,EQ,998.25,1005.0,1006.0,983.15,993.55,994.1,995.65,445170,44323332570000.0,25488,261179,0.5867
2020-02-01,SBILIFE,EQ,994.1,998.0,1012.9,885.0,920.6,893.1,913.85,4433306,405136025135000.0,122256,2197335,0.49560000000000004
2020-02-03,SBILIFE,EQ,893.1,895.0,921.85,856.65,910.1,912.65,896.59,4046967,362849016960000.0,116130,1997535,0.4936
2020-02-04,SBILIFE,EQ,912.65,912.0,922.9,896.0,911.9,911.6,909.35,2004591,182287652370000.0,104526,1293301,0.6452
2020-02-05,SBILIFE,EQ,911.6,913.6,915.8,898.5,911.85,910.55,906.77,1337410,121272208880000.0,87980,898894,0.6720999999999999
2020-02-06,SBILIFE,EQ,910.55,916.1,925.0,912.05,920.0,919.5,918.17,1185756,108872607070000.0,38072,788223,0.6647
2020-02-07,SBILIFE,EQ,919.5,920.0,955.45,915.55,948.3,947.3,935.97,1642253,153710147155000.0,46721,1009492,0.6147
2020-02-10,SBILIFE,EQ,947.3,952.0,956.25,938.0,953.1,952.8,946.94,734151,69519774104999.99,21372,494885,0.6741
2020-02-11,SBILIFE,EQ,952.8,960.45,960.45,935.8,939.0,939.75,943.27,584552,55139192615000.0,38074,385256,0.6591
2020-02-12,SBILIFE,EQ,939.75,944.75,948.8,925.0,936.0,932.85,933.97,925589,86446786235000.0,32478,697082,0.7531
2020-02-13,SBILIFE,EQ,932.85,937.0,937.0,916.0,927.1,927.55,923.69,551572,50948270220000.0,63176,322875,0.5854
2020-02-14,SBILIFE,EQ,927.55,932.4,932.4,907.0,912.95,914.25,919.18,402685,37014198810000.0,37168,268423,0.6666
2020-02-17,SBILIFE,EQ,914.25,915.5,919.45,904.0,914.05,914.4,913.46,355839,32504489150000.0,22896,243177,0.6834
2020-02-18,SBILIFE,EQ,914.4,915.0,921.45,907.1,916.0,916.05,914.7,901858,82493367775000.0,50832,667418,0.74
2020-02-19,SBILIFE,EQ,916.05,918.1,942.45,918.1,936.8,938.2,928.54,786366,73017094325000.0,42631,584198,0.7429000000000001
2020-02-20,SBILIFE,EQ,938.2,939.7,945.0,921.7,928.25,928.75,930.86,784552,73031129890000.0,48494,553090,0.705
2020-02-24,SBILIFE,EQ,928.75,923.6,941.5,910.0,921.0,916.6,926.97,493211,45718965790000.0,38343,326857,0.6627
2020-02-25,SBILIFE,EQ,916.6,923.5,934.7,891.75,894.0,901.2,913.9,760359,69489067700000.0,37519,510167,0.6709999999999999
2020-02-26,SBILIFE,EQ,901.2,893.8,914.8,881.5,890.0,891.35,895.23,807168,72260224825000.0,37382,484106,0.5998
2020-02-27,SBILIFE,EQ,891.35,890.8,913.9,875.0,909.0,905.35,898.25,821122,73757539765000.0,64038,477486,0.5815
2020-02-28,SBILIFE,EQ,905.35,886.0,895.0,875.0,886.5,890.4,888.03,1002851,89056128850000.0,47086,747906,0.7458
2020-03-02,SBILIFE,EQ,890.4,895.15,909.0,878.0,893.9,894.15,899.96,629219,56627497225000.0,44837,450722,0.7162999999999999
2020-03-03,SBILIFE,EQ,894.15,903.05,914.0,892.05,899.9,899.85,903.98,615494,55639496535000.0,45467,411350,0.6683
2020-03-04,SBILIFE,EQ,899.85,902.9,912.0,877.0,886.15,885.1,893.73,769392,68762811840000.0,87983,515153,0.6696
2020-03-05,SBILIFE,EQ,885.1,891.35,901.45,876.55,890.0,884.45,886.51,1014502,89936867905000.0,70579,765766,0.7548
2020-03-06,SBILIFE,EQ,884.45,865.0,881.5,848.3,865.35,853.95,866.31,1436479,124443200830000.0,50206,905681,0.6305
2020-03-09,SBILIFE,EQ,853.95,836.2,861.9,803.0,815.35,825.3,831.73,1424660,118492784930000.0,62517,999202,0.7014
2020-03-11,SBILIFE,EQ,825.3,819.0,847.9,784.15,800.2,808.95,827.52,1305970,108071997405000.0,84901,829486,0.6351
2020-03-12,SBILIFE,EQ,808.95,761.0,775.7,700.0,771.0,751.7,741.22,2111588,156514850125000.0,105352,1485243,0.7034
2020-03-13,SBILIFE,EQ,751.7,665.0,795.0,625.1,762.0,761.95,753.08,2077233,156432056310000.0,91447,1401974,0.6748999999999999
2020-03-16,SBILIFE,EQ,761.95,701.0,772.85,661.6,746.0,731.55,735.79,1588592,116887107265000.02,87963,933986,0.5879
2020-03-17,SBILIFE,EQ,731.55,732.0,768.5,675.0,686.65,687.0,716.81,1398543,100249136900000.0,82853,769735,0.5504
2020-03-18,SBILIFE,EQ,687.0,695.05,696.95,588.15,599.05,596.25,622.5,2202109,137082015500000.0,98804,1614159,0.733
2020-03-19,SBILIFE,EQ,596.25,565.0,619.9,519.4,607.7,607.7,575.01,2917031,167732411555000.0,137696,1831714,0.6279
2020-03-20,SBILIFE,EQ,607.7,627.0,680.75,606.0,610.0,633.5,636.73,2004934,127660850990000.02,77135,1300713,0.6487999999999999
2020-03-23,SBILIFE,EQ,633.5,569.95,617.0,522.2,549.0,539.2,571.23,1652165,94376935135000.0,58806,1258983,0.762
2020-03-24,SBILIFE,EQ,539.2,551.4,589.95,535.0,546.0,546.25,567.54,1108855,62931767695000.01,55557,679980,0.6132
2020-03-25,SBILIFE,EQ,546.25,530.0,630.0,530.0,587.0,587.85,590.63,1610709,95133994800000.0,73725,747498,0.46409999999999996
2020-03-26,SBILIFE,EQ,587.85,603.5,665.0,595.35,618.0,618.15,635.43,1629673,103554382310000.0,70307,667618,0.4097
2020-03-27,SBILIFE,EQ,618.15,636.2,657.0,585.0,606.5,602.85,618.26,1299441,80339881895000.0,57516,679860,0.5232
2020-03-30,SBILIFE,EQ,602.85,598.9,634.5,575.0,627.0,622.0,619.67,1301706,80663225335000.0,50750,800324,0.6148
2020-03-31,SBILIFE,EQ,622.0,638.0,653.7,624.15,652.0,641.0,639.99,1087567,69603697000000.0,55126,628394,0.5778
2020-04-01,SBILIFE,EQ,641.0,641.9,659.0,628.0,639.5,635.1,644.55,971706,62631607675000.0,44115,544504,0.5604
2020-04-03,SBILIFE,EQ,635.1,648.0,665.0,627.3,646.0,650.15,648.5,1279330,82964446915000.0,73454,654022,0.5112
2020-04-07,SBILIFE,EQ,650.15,665.0,748.3,653.0,739.0,735.3,702.87,1916865,134730569034999.98,79023,963438,0.5025999999999999
2020-04-08,SBILIFE,EQ,735.3,741.9,795.0,721.0,742.85,742.8,749.95,1443642,108265677355000.0,92959,663488,0.4596
2020-04-09,SBILIFE,EQ,742.8,755.0,773.95,735.05,738.0,739.45,751.63,683532,51376186260000.0,44967,281525,0.4119
2020-04-13,SBILIFE,EQ,739.45,745.0,749.95,700.0,705.1,707.75,717.36,760455,54551745420000.01,36589,321792,0.4232
2020-04-15,SBILIFE,EQ,707.75,720.0,724.95,695.1,704.0,700.9,706.3,1232607,87059514900000.0,78105,659729,0.5352
2020-04-16,SBILIFE,EQ,700.9,690.0,698.0,681.1,684.65,685.25,688.22,1363991,93872788200000.0,77637,817705,0.5995
2020-04-17,SBILIFE,EQ,685.25,703.55,721.0,687.0,700.25,702.45,702.78,1777651,124929174390000.02,67795,969969,0.5456000000000001
2020-04-20,SBILIFE,EQ,702.45,703.0,712.15,697.0,700.0,700.0,702.73,1360101,95577762270000.0,52534,792590,0.5827
2020-04-21,SBILIFE,EQ,700.0,688.0,691.15,667.0,671.1,671.3,679.77,677457,46051254215000.0,59261,422203,0.6232
2020-04-22,SBILIFE,EQ,671.3,685.9,709.0,675.0,706.8,704.8,690.77,954061,65903863290000.0,41469,380449,0.39880000000000004
2020-04-23,SBILIFE,EQ,704.8,712.0,732.5,709.0,719.0,717.65,722.49,1219244,88089682110000.0,46775,621032,0.5094
2020-04-24,SBILIFE,EQ,717.65,701.0,706.85,676.0,680.0,679.15,688.67,1016020,69970480265000.0,70074,570617,0.5616
2020-04-27,SBILIFE,EQ,679.15,694.75,727.0,688.15,717.5,714.1,712.84,3275857,233516257835000.0,122864,2198548,0.6711
2020-04-28,SBILIFE,EQ,714.1,724.0,728.0,706.55,721.0,719.85,716.46,1002540,71827972960000.0,34767,658534,0.6569
2020-04-29,SBILIFE,EQ,719.85,723.0,723.0,708.4,713.9,713.35,715.4,635076,45433334490000.0,38369,362290,0.5705
2020-04-30,SBILIFE,EQ,713.35,735.2,741.0,716.85,726.0,726.85,725.92,1925414,139769910955000.0,68926,1202411,0.6245
2020-05-04,SBILIFE,EQ,726.85,710.0,726.0,675.5,688.35,687.65,705.53,1418027,100045597920000.0,57507,817920,0.5768
2020-05-05,SBILIFE,EQ,687.65,705.0,734.7,698.2,706.0,713.55,719.7,4312790,310393408110000.0,131025,2007128,0.4654
2020-05-06,SBILIFE,EQ,713.55,716.95,749.0,706.0,733.05,731.15,731.04,3664835,267915816730000.03,118489,1279938,0.3492
2020-05-07,SBILIFE,EQ,731.15,737.0,742.5,723.5,738.0,735.15,732.91,1345672,98626216250000.0,50795,705775,0.5245000000000001
2020-05-08,SBILIFE,EQ,735.15,742.0,768.85,738.5,760.1,760.05,758.09,2349887,178142531965000.0,109137,1040331,0.44270000000000004
2020-05-11,SBILIFE,EQ,760.05,770.95,770.95,744.85,747.0,750.5,756.28,1498957,113363117975000.0,59663,748626,0.4994
2020-05-12,SBILIFE,EQ,750.5,747.0,755.6,735.1,744.65,744.6,747.34,1116023,83404409650000.0,65558,585393,0.5245000000000001
2020-05-13,SBILIFE,EQ,744.6,765.25,780.0,752.95,757.9,760.5,761.66,1752465,133477875350000.0,62126,809226,0.4618
2020-05-14,SBILIFE,EQ,760.5,756.8,770.5,741.1,747.95,746.75,756.58,987397,74704582930000.0,51522,397596,0.40270000000000006
2020-05-15,SBILIFE,EQ,746.75,754.45,754.45,742.2,751.6,751.95,748.81,1032406,77307687890000.0,42251,535860,0.519
2020-05-18,SBILIFE,EQ,751.95,750.0,750.0,694.45,701.5,700.75,708.57,1705994,120881422215000.02,86569,1076423,0.631
2020-05-19,SBILIFE,EQ,700.75,709.0,720.0,698.0,704.5,702.95,706.87,1496673,105794666820000.0,58306,917058,0.6127
2020-05-20,SBILIFE,EQ,702.95,701.0,717.7,700.0,716.9,715.8,709.79,1289104,91499932945000.0,70801,942972,0.7315
2020-05-21,SBILIFE,EQ,715.8,717.8,742.95,716.05,735.95,730.4,730.48,1400398,102295693460000.0,59191,989040,0.7062999999999999
2020-05-22,SBILIFE,EQ,730.4,732.0,744.0,723.5,734.0,729.95,733.55,1507478,110581051395000.0,33900,1049433,0.6962
2020-05-26,SBILIFE,EQ,729.95,735.0,756.0,731.4,753.9,754.45,744.69,1110990,82734317875000.0,56461,680302,0.6123
2020-05-27,SBILIFE,EQ,754.45,752.0,754.4,737.2,740.9,741.15,745.17,682804,50880754520000.0,28495,401466,0.588
2020-05-28,SBILIFE,EQ,741.15,745.0,754.75,740.0,746.85,748.1,746.06,1134155,84615019715000.0,57648,790562,0.6970000000000001
2020-05-29,SBILIFE,EQ,748.1,747.95,783.0,745.4,766.0,768.65,768.4,7090368,544826170800000.0,118254,5193220,0.7323999999999999
2020-06-01,SBILIFE,EQ,768.65,776.0,780.95,765.9,772.85,774.8,775.54,1712849,132837872790000.02,58496,1027296,0.5998
2020-06-02,SBILIFE,EQ,774.8,783.8,791.0,774.3,778.7,779.5,782.35,1388839,108655803630000.0,44102,721755,0.5197
2020-06-03,SBILIFE,EQ,779.5,789.0,814.8,784.5,804.85,807.1,801.14,2163349,173315445075000.0,62109,750564,0.3469
2020-06-04,SBILIFE,EQ,807.1,809.75,820.5,788.8,795.8,794.8,800.05,1404467,112364707920000.0,57707,575760,0.40990000000000004
2020-06-05,SBILIFE,EQ,794.8,798.9,805.25,782.9,798.35,796.7,793.08,1199794,95153476240000.0,45672,541521,0.45130000000000003
2020-06-08,SBILIFE,EQ,796.7,802.0,808.0,776.0,781.0,779.3,791.82,1371775,108619327315000.02,44777,793565,0.5785
2020-06-09,SBILIFE,EQ,779.3,782.1,789.0,752.5,753.1,758.5,773.34,1521254,117644887984999.98,53607,658808,0.43310000000000004
2020-06-10,SBILIFE,EQ,758.5,759.0,760.0,739.7,743.2,741.7,746.21,2283059,170364701075000.0,74569,1077296,0.4719
2020-06-11,SBILIFE,EQ,741.7,740.0,757.6,735.0,738.9,740.9,747.93,1314358,98304566810000.0,42458,554485,0.4219
2020-06-12,SBILIFE,EQ,740.9,730.0,760.9,728.75,750.8,750.45,750.01,4396304,329728594525000.0,69597,1602097,0.3644
2020-06-15,SBILIFE,EQ,750.45,747.9,754.8,740.65,745.05,745.3,746.39,3316726,247555957819999.97,63715,2185069,0.6587999999999999
2020-06-16,SBILIFE,EQ,745.3,751.0,770.7,742.4,769.9,764.1,756.37,1883911,142492510160000.0,47833,756806,0.4017
2020-06-17,SBILIFE,EQ,764.1,766.05,779.5,764.2,770.75,772.05,773.39,1936475,149764095530000.0,56581,800338,0.4133
2020-06-18,SBILIFE,EQ,772.05,769.4,786.4,767.6,772.2,771.6,776.95,951550,73930788105000.0,40811,359866,0.37820000000000004
2020-06-19,SBILIFE,EQ,771.6,779.0,780.85,767.2,779.0,775.85,775.05,2912093,225702821880000.03,60720,1929679,0.6626000000000001
2020-06-22,SBILIFE,EQ,775.85,781.1,790.4,761.5,776.9,777.95,774.75,1164278,90202134545000.0,56366,504033,0.4329
2020-06-23,SBILIFE,EQ,777.95,777.0,805.3,777.0,796.7,796.65,794.62,1506742,119728508050000.0,72563,252285,0.4696
2020-06-24,SBILIFE,EQ,796.65,800.65,810.0,775.55,784.0,780.75,794.59,1699063,135005787395000.0,72402,849096,0.4997
2020-06-25,SBILIFE,EQ,780.75,778.0,792.95,775.1,790.95,786.25,785.16,735191,57724602325000.0,29276,295996,0.4026
2020-06-26,SBILIFE,EQ,786.25,791.1,802.0,782.0,786.0,784.35,789.67,986163,77874368405000.0,35800,574596,0.5827
2020-06-29,SBILIFE,EQ,784.35,780.0,789.85,774.3,787.0,786.8,781.29,597371,46672207505000.0,24214,330433,0.5531
2020-06-30,SBILIFE,EQ,786.8,789.0,811.0,789.0,808.0,806.45,799.52,2052551,164105542465000.0,57732,1108946,0.5403
2020-07-01,SBILIFE,EQ,806.45,814.95,819.85,802.0,803.9,805.25,809.81,1321001,106975615955000.0,49018,453082,0.34299999999999997
2020-07-02,SBILIFE,EQ,805.25,802.15,819.35,802.15,814.7,814.05,813.3,1075581,87476706970000.0,34404,501743,0.46649999999999997
2020-07-03,SBILIFE,EQ,814.05,821.0,846.0,819.35,842.05,844.05,835.85,2085481,174314414060000.0,79325,686974,0.32939999999999997
2020-07-06,SBILIFE,EQ,844.05,853.0,875.0,851.4,865.0,863.5,864.5,1836462,158762456750000.0,59483,768807,0.4186
2020-07-07,SBILIFE,EQ,863.5,867.0,874.8,853.65,869.0,868.65,865.33,1104403,95566943875000.0,51330,454131,0.4112
2020-07-08,SBILIFE,EQ,868.65,870.0,871.9,846.1,848.05,850.75,854.42,1688304,144251306720000.0,69584,1073344,0.6358
2020-07-09,SBILIFE,EQ,850.75,851.0,853.9,835.05,839.95,840.25,841.03,1180400,99275728260000.0,49564,790889,0.67
2020-07-10,SBILIFE,EQ,840.25,850.0,871.9,850.0,859.9,860.2,859.84,2062806,177368401500000.0,78230,783695,0.3799
2020-07-13,SBILIFE,EQ,860.2,867.85,867.85,848.15,866.0,862.95,856.8,668675,57292221440000.0,27059,275914,0.41259999999999997
2020-07-14,SBILIFE,EQ,862.95,861.9,886.5,856.1,859.15,859.75,871.81,1535948,133905874005000.0,46007,472821,0.3078
2020-07-15,SBILIFE,EQ,859.75,863.0,870.5,852.35,859.55,855.85,860.05,772942,66476685910000.0,25044,382501,0.4949
2020-07-16,SBILIFE,EQ,855.85,856.05,869.5,851.25,868.1,865.2,862.53,630572,54388534035000.0,30593,261849,0.4153
2020-07-17,SBILIFE,EQ,865.2,868.15,881.85,862.55,878.0,875.2,873.92,1228862,107392697230000.0,34024,403706,0.3285
2020-07-20,SBILIFE,EQ,875.2,879.05,888.1,851.0,856.0,854.45,866.37,1497335,129724804025000.0,50109,647603,0.4325
2020-07-21,SBILIFE,EQ,854.45,864.0,895.95,844.0,892.0,888.35,872.06,4650708,405567511700000.0,119004,1308399,0.2813
2020-07-22,SBILIFE,EQ,888.35,892.5,892.75,856.1,859.0,859.2,866.98,1757469,152369337690000.0,63710,645568,0.36729999999999996
2020-07-23,SBILIFE,EQ,859.2,861.8,880.0,859.2,878.25,877.8,870.44,937554,81608755825000.0,28771,343009,0.36590000000000006
2020-07-24,SBILIFE,EQ,877.8,873.9,877.0,863.0,865.5,867.4,868.61,784968,68183434729999.99,22546,395353,0.5037
2020-07-27,SBILIFE,EQ,867.4,874.9,882.2,856.2,862.55,867.45,870.03,1342667,116815870995000.0,45289,548385,0.40840000000000004
2020-07-28,SBILIFE,EQ,867.45,865.0,888.9,863.35,882.5,883.35,878.62,1005543,88349398730000.0,37511,438849,0.4364
2020-07-29,SBILIFE,EQ,883.35,874.55,890.0,874.55,882.0,881.1,883.24,935033,82585621740000.0,27543,366198,0.39159999999999995
2020-07-30,SBILIFE,EQ,881.1,887.85,916.0,881.65,913.45,913.55,903.85,2422599,218967131940000.0,71967,930369,0.384
2020-07-31,SBILIFE,EQ,913.55,921.75,921.75,903.6,912.0,912.85,912.95,1271276,116061746875000.0,46057,389089,0.3061
2020-08-03,SBILIFE,EQ,912.85,911.0,911.0,872.6,877.55,875.1,884.63,1291032,114208564959999.98,50742,484549,0.3753
2020-08-04,SBILIFE,EQ,875.1,881.1,882.5,868.0,875.45,875.8,877.03,707018,62007525495000.01,31099,362471,0.5127
2020-08-05,SBILIFE,EQ,875.8,876.8,880.65,858.45,862.0,860.9,867.64,1364745,118410106845000.0,69334,728703,0.5339
2020-08-06,SBILIFE,EQ,860.9,868.7,878.0,859.45,876.25,875.4,867.95,907558,78771649605000.0,27246,450786,0.49670000000000003
2020-08-07,SBILIFE,EQ,875.4,879.9,883.85,862.15,869.75,868.6,870.67,827168,72019162100000.0,33017,376649,0.45530000000000004
2020-08-10,SBILIFE,EQ,868.6,880.0,882.0,861.8,866.0,865.75,868.86,1090544,94753338615000.0,62455,636387,0.5836
2020-08-11,SBILIFE,EQ,865.75,868.0,878.0,857.5,860.6,860.6,865.54,971872,84119003240000.0,40165,529202,0.5445000000000001
2020-08-12,SBILIFE,EQ,860.6,860.6,868.5,851.0,856.0,856.9,859.55,1068002,91799579805000.0,45394,630629,0.5905
2020-08-13,SBILIFE,EQ,856.9,860.9,868.0,855.1,861.9,861.5,863.4,666359,57533118490000.0,26870,332305,0.4987
2020-08-14,SBILIFE,EQ,861.5,866.9,866.9,828.7,842.0,839.3,845.5,1897747,160453941320000.0,63487,900272,0.4744
2020-08-17,SBILIFE,EQ,839.3,845.0,847.15,838.2,847.05,842.35,841.88,1435985,120892084395000.0,49806,997282,0.6945
2020-08-18,SBILIFE,EQ,842.35,845.95,864.75,844.6,860.0,860.45,857.72,1170823,100423729175000.0,33090,611213,0.522
2020-08-19,SBILIFE,EQ,860.45,860.65,875.6,860.45,864.0,863.65,869.62,1332731,115897192265000.02,32909,685307,0.5142
2020-08-20,SBILIFE,EQ,863.65,861.0,864.75,849.0,852.65,852.85,856.12,660138,56515898570000.01,43403,367937,0.5574
2020-08-21,SBILIFE,EQ,852.85,881.05,889.8,859.0,864.4,861.25,875.51,3651529,319694613275000.0,104290,1400654,0.3836
2020-08-24,SBILIFE,EQ,861.25,866.8,869.9,851.6,864.05,860.85,859.74,951781,81827950900000.0,42702,405408,0.42590000000000006
2020-08-25,SBILIFE,EQ,860.85,862.35,865.95,837.85,848.0,847.9,846.67,1877997,159005100515000.0,102436,1033864,0.5505
2020-08-26,SBILIFE,EQ,847.9,855.0,855.0,833.65,839.0,839.2,837.88,2151697,180287399890000.0,93237,1259308,0.5853
2020-08-27,SBILIFE,EQ,839.2,843.95,845.8,835.1,844.0,841.25,839.75,945124,79366518390000.0,27663,382398,0.4046
2020-08-28,SBILIFE,EQ,841.25,846.0,858.7,843.05,851.4,851.55,849.59,1640203,139349897175000.0,60832,987146,0.6018
2020-08-31,SBILIFE,EQ,851.55,855.5,864.0,818.55,828.85,827.75,839.01,2086202,175035202225000.0,96292,1160290,0.5562
2020-09-01,SBILIFE,EQ,827.75,825.0,840.0,818.05,838.2,835.9,831.96,1148611,95559562690000.0,43280,447812,0.3899
2020-09-02,SBILIFE,EQ,835.9,843.0,865.0,841.3,851.6,850.3,855.57,2006969,171709261160000.0,68573,910067,0.4535
2020-09-03,SBILIFE,EQ,850.3,853.9,863.75,851.0,851.9,852.3,855.32,888552,75999552895000.0,28363,461994,0.5199
2020-09-04,SBILIFE,EQ,852.3,842.0,845.8,833.0,837.0,834.55,837.84,1069706,89624692995000.0,36088,678734,0.6345000000000001
2020-09-07,SBILIFE,EQ,834.55,835.5,842.0,826.0,841.0,838.45,835.74,808907,67603462654999.99,29786,309067,0.3821
2020-09-08,SBILIFE,EQ,838.45,840.95,850.85,830.2,843.0,845.0,843.59,1438741,121371457195000.0,31969,850527,0.5912
2020-09-09,SBILIFE,EQ,845.0,837.75,843.5,822.0,829.5,830.5,829.3,1685144,139749262665000.02,39636,912611,0.5416
2020-09-10,SBILIFE,EQ,830.5,833.9,848.0,833.1,846.0,845.2,842.86,659109,55553983520000.01,21289,238967,0.3626
2020-09-11,SBILIFE,EQ,845.2,846.0,866.9,843.75,865.0,864.4,858.88,1559677,133956918009999.98,63694,576842,0.36979999999999996
2020-09-14,SBILIFE,EQ,864.4,871.0,876.0,850.0,857.0,857.1,864.08,1346301,116331153580000.0,48030,466407,0.3464
2020-09-15,SBILIFE,EQ,857.1,861.3,871.0,853.05,865.0,864.7,862.94,725017,62564372745000.01,28844,254908,0.35159999999999997
2020-09-16,SBILIFE,EQ,864.7,865.0,873.5,861.3,866.0,867.65,868.48,823952,71558882000000.0,31904,367699,0.44630000000000003
2020-09-17,SBILIFE,EQ,867.65,858.4,866.4,852.55,855.95,856.15,857.54,612366,52512894965000.0,19446,282524,0.46140000000000003
2020-09-18,SBILIFE,EQ,856.15,856.95,861.8,845.05,850.0,848.1,849.11,1245818,105784175235000.0,33678,737493,0.5920000000000001
2020-09-21,SBILIFE,EQ,848.1,849.0,851.8,835.6,838.5,840.1,842.11,875668,73740676605000.0,43366,499617,0.5706
2020-09-22,SBILIFE,EQ,840.1,840.0,840.0,801.6,833.0,831.85,823.56,1265561,104227050010000.0,41867,504008,0.3982
2020-09-23,SBILIFE,EQ,831.85,833.35,841.5,827.15,837.0,833.0,832.87,628823,52372872845000.0,22956,268605,0.4272
2020-09-24,SBILIFE,EQ,833.0,830.6,832.15,782.35,792.7,804.4,806.09,14778958,1191323833025000.0,190733,11292337,0.7641
2020-09-25,SBILIFE,EQ,804.4,796.0,813.5,780.0,795.45,797.05,798.42,2252162,179816206450000.0,67374,768828,0.34140000000000004
2020-09-28,SBILIFE,EQ,797.05,803.0,816.25,800.0,815.9,813.0,808.86,1108316,89647002340000.0,28171,450293,0.40630000000000005
2020-09-29,SBILIFE,EQ,813.0,819.0,831.4,802.1,806.1,809.1,815.72,1666688,135955810565000.02,43216,629645,0.3778
2020-09-30,SBILIFE,EQ,809.1,809.4,814.55,802.4,808.1,811.45,810.17,701139,56804408900000.0,28799,259981,0.37079999999999996
2020-10-01,SBILIFE,EQ,811.45,817.0,824.95,807.65,819.5,818.9,818.91,941061,77064766315000.0,31111,310778,0.33020000000000005
2020-10-05,SBILIFE,EQ,818.9,822.0,835.0,815.0,826.3,824.95,826.82,803756,66455790704999.99,28200,303585,0.37770000000000004
2020-10-06,SBILIFE,EQ,824.95,826.0,836.0,822.25,830.55,830.05,830.06,1211894,100594776225000.0,40772,755193,0.6232
2020-10-07,SBILIFE,EQ,830.05,832.5,836.0,825.05,828.0,827.95,828.58,637358,52810446135000.0,29632,350264,0.5496
2020-10-08,SBILIFE,EQ,827.95,835.25,836.0,818.0,821.95,821.05,822.74,1313341,108053208925000.0,52469,653260,0.4974
2020-10-09,SBILIFE,EQ,821.05,826.15,827.3,803.5,804.0,805.9,809.57,1188895,96249099010000.0,46243,590208,0.4964
2020-10-12,SBILIFE,EQ,805.9,812.9,812.9,787.2,794.15,791.65,794.98,1097167,87222696690000.0,35985,567548,0.5173
2020-10-13,SBILIFE,EQ,791.65,790.0,795.0,781.0,786.9,786.55,785.49,1142720,89759063015000.0,50062,630388,0.5517000000000001
2020-10-14,SBILIFE,EQ,786.55,788.0,813.65,776.65,813.35,810.6,799.23,2146423,171548899245000.0,78791,750008,0.3494
2020-10-15,SBILIFE,EQ,810.6,810.6,821.8,801.75,806.75,804.75,812.29,1920570,156005645000000.0,68900,728546,0.3793
2020-10-16,SBILIFE,EQ,804.75,802.0,811.0,796.65,801.8,799.55,802.56,683003,54815096275000.0,29109,289782,0.4243
2020-10-19,SBILIFE,EQ,799.55,800.5,808.55,795.0,800.0,798.3,799.41,661678,52895210395000.0,22317,308975,0.467
2020-10-20,SBILIFE,EQ,798.3,809.25,809.25,790.0,800.0,800.75,797.02,1616359,128827531505000.0,72604,611982,0.3786
2020-10-21,SBILIFE,EQ,800.75,801.0,804.0,780.8,785.05,785.35,792.25,1763644,139724168005000.0,94758,895761,0.5079
2020-10-22,SBILIFE,EQ,785.35,788.3,788.3,771.3,783.0,780.8,777.04,1861965,144682400245000.0,85876,939739,0.5047
2020-10-23,SBILIFE,EQ,780.8,783.15,789.75,767.0,770.8,770.7,772.8,2252467,174071342195000.0,78862,1169570,0.5192
2020-10-26,SBILIFE,EQ,770.7,775.0,784.9,765.1,781.0,778.85,775.42,2638356,204582446205000.0,114515,626392,0.2374
2020-10-27,SBILIFE,EQ,778.85,791.0,791.8,771.1,774.0,774.45,779.43,2566509,200041447920000.0,106706,829365,0.32310000000000005
2020-10-28,SBILIFE,EQ,774.45,777.0,778.2,766.0,772.55,771.0,772.07,1156191,89265906365000.0,68258,506125,0.4378
2020-10-29,SBILIFE,EQ,771.0,764.45,773.0,755.25,763.0,761.5,763.08,1126691,85975941175000.0,45649,429684,0.3814
2020-10-30,SBILIFE,EQ,761.5,761.5,775.7,757.3,771.0,769.15,767.14,1156854,88747123090000.0,63415,475888,0.4114
2020-11-02,SBILIFE,EQ,769.15,771.0,778.5,762.2,766.0,766.05,770.13,891886,68686627535000.0,45749,430008,0.48210000000000003
2020-11-03,SBILIFE,EQ,766.05,773.55,797.8,769.15,788.1,788.9,785.67,1542962,121226514609999.98,61849,759654,0.49229999999999996
2020-11-04,SBILIFE,EQ,788.9,796.75,796.75,783.8,789.0,791.0,788.87,923658,72864172805000.0,41080,474599,0.5138
2020-11-05,SBILIFE,EQ,791.0,797.0,806.8,793.0,804.5,805.0,803.4,1373458,110342964209999.98,95130,747899,0.5445000000000001
2020-11-06,SBILIFE,EQ,805.0,805.45,808.9,795.0,798.05,801.25,800.4,1722728,137886463300000.0,67149,1150674,0.6679
2020-11-09,SBILIFE,EQ,801.25,808.0,817.85,801.7,807.0,808.15,808.94,1255422,101556598525000.0,65345,687126,0.5473
2020-11-10,SBILIFE,EQ,808.15,816.2,832.9,811.35,831.0,829.4,822.07,1490688,122544927940000.02,66312,767984,0.5152
2020-11-11,SBILIFE,EQ,829.4,833.0,847.0,831.6,840.0,839.55,840.14,1822930,153151690450000.0,67827,763808,0.419
2020-11-12,SBILIFE,EQ,839.55,840.0,844.4,825.1,839.4,837.75,835.23,1003690,83831610135000.0,29601,195124,0.19440000000000002
2020-11-13,SBILIFE,EQ,837.75,837.75,838.95,824.1,833.5,831.85,829.3,824124,68344916575000.0,34062,363476,0.441
2020-11-14,SBILIFE,EQ,831.85,844.7,844.7,836.15,839.0,840.45,840.47,187698,15775504615000.0,9948,93435,0.4978
2020-11-17,SBILIFE,EQ,840.45,841.0,866.9,836.3,865.25,863.15,853.25,2140176,182610063715000.0,61260,904131,0.4225
2020-11-18,SBILIFE,EQ,863.15,863.75,868.7,846.8,859.5,857.95,855.54,968393,82849949615000.0,49516,415705,0.4293
2020-11-19,SBILIFE,EQ,857.95,854.8,862.8,838.0,844.95,846.75,850.25,1466056,124651094220000.0,45585,646032,0.44070000000000004
2020-11-20,SBILIFE,EQ,846.75,848.8,850.0,835.0,845.9,845.45,842.62,971981,81900657965000.0,30182,365372,0.37590000000000007
2020-11-23,SBILIFE,EQ,845.45,847.2,854.4,830.0,830.65,831.6,835.6,1668966,139459065530000.0,60154,1128960,0.6764
2020-11-24,SBILIFE,EQ,831.6,831.95,840.0,831.95,839.1,838.95,836.71,874577,73176452155000.0,56969,453490,0.5185000000000001
2020-11-25,SBILIFE,EQ,838.95,846.05,864.65,844.0,850.0,849.05,853.67,2407145,205490785955000.0,91202,885942,0.368
2020-11-26,SBILIFE,EQ,849.05,853.3,858.65,848.3,852.9,851.5,853.05,1791878,152856159760000.0,56541,932211,0.5202
2020-11-27,SBILIFE,EQ,851.5,855.0,857.6,841.0,849.1,846.05,846.22,2310173,195491004900000.0,55414,1458022,0.6311
2020-12-01,SBILIFE,EQ,846.05,849.9,855.0,840.2,849.35,851.35,849.69,1027637,87317338765000.0,60515,500836,0.48740000000000006
2020-12-02,SBILIFE,EQ,851.35,853.0,879.25,850.3,877.4,875.55,864.63,2097626,181366399095000.0,89512,878774,0.4189
2020-12-03,SBILIFE,EQ,875.55,880.0,881.0,851.4,858.0,858.15,861.14,3804064,327584343565000.0,136134,1941293,0.5103
2020-12-04,SBILIFE,EQ,858.15,865.1,871.0,856.45,863.0,863.0,863.53,1654173,142842070350000.0,67777,803254,0.48560000000000003
2020-12-07,SBILIFE,EQ,863.0,863.5,866.0,848.0,850.0,851.75,855.79,2151322,184107986235000.0,137326,1045274,0.48590000000000005
2020-12-08,SBILIFE,EQ,851.75,854.8,859.5,848.2,854.9,853.8,852.4,2473148,210812031580000.0,116165,1532442,0.6196
2020-12-09,SBILIFE,EQ,853.8,858.0,864.0,854.8,857.95,858.0,859.5,1813714,155888221405000.0,126052,910594,0.5021
2020-12-10,SBILIFE,EQ,858.0,861.0,862.9,855.0,855.95,856.05,858.86,2302834,197780339620000.0,96600,1558024,0.6766
2020-12-11,SBILIFE,EQ,856.05,860.9,862.8,845.4,849.0,849.7,852.42,1939950,165364589625000.0,81345,908076,0.4681
2020-12-14,SBILIFE,EQ,849.7,855.0,858.3,848.05,850.2,850.2,851.36,1186967,101053363630000.0,80285,790494,0.6659999999999999
2020-12-15,SBILIFE,EQ,850.2,851.2,858.45,842.05,855.1,856.2,852.35,2044843,174291297020000.0,52579,1087498,0.5318
2020-12-16,SBILIFE,EQ,856.2,861.2,861.5,850.5,857.5,857.5,855.19,1618300,138395895845000.0,79202,1085262,0.6706000000000001
2020-12-17,SBILIFE,EQ,857.5,857.5,865.9,851.6,856.0,856.35,858.32,1650113,141632335820000.0,90779,1113220,0.6746
2020-12-18,SBILIFE,EQ,856.35,859.0,864.0,852.8,863.0,857.15,856.51,1469894,125898592955000.0,77551,1020850,0.6945
2020-12-21,SBILIFE,EQ,857.15,858.0,864.0,832.55,840.45,840.85,849.91,2239781,190361881970000.0,84283,1264359,0.5645
2020-12-22,SBILIFE,EQ,840.85,840.85,855.6,825.2,854.05,853.95,841.51,2263176,190448157555000.0,66094,1483486,0.6555
2020-12-23,SBILIFE,EQ,853.95,855.5,859.0,847.65,856.4,854.95,852.6,1535665,130930605134999.98,69594,840675,0.5474
2020-12-24,SBILIFE,EQ,854.95,857.9,879.7,851.25,874.15,873.9,873.26,2659479,232241022690000.0,68635,873332,0.3284
2020-12-28,SBILIFE,EQ,873.9,882.9,904.5,877.5,901.95,901.65,897.05,4187861,375672000965000.0,102271,1720981,0.41090000000000004
2020-12-29,SBILIFE,EQ,901.65,906.95,908.95,890.3,899.45,899.3,899.76,1834129,165027381335000.0,61986,774569,0.42229999999999995
2020-12-30,SBILIFE,EQ,899.3,902.0,911.0,890.8,903.95,902.95,903.04,1969826,177883625730000.0,64813,730409,0.37079999999999996
2020-12-31,SBILIFE,EQ,902.95,902.0,907.3,894.25,903.0,904.25,901.53,1123846,101318597250000.0,26721,635255,0.5653
2021-01-01,SBILIFE,EQ,904.25,903.0,907.05,894.0,895.3,895.4,896.85,798399,71604663310000.0,23700,253306,0.3173
2021-01-04,SBILIFE,EQ,895.4,900.0,917.0,894.5,915.15,911.4,903.94,1028233,92945939770000.0,29430,491893,0.47840000000000005
2021-01-05,SBILIFE,EQ,911.4,906.45,919.9,899.0,905.0,905.55,905.58,1209912,109567581370000.0,62275,505957,0.4182
2021-01-06,SBILIFE,EQ,905.55,906.55,915.0,901.0,910.65,910.3,909.45,1214878,110487117740000.02,34535,571209,0.47020000000000006
2021-01-07,SBILIFE,EQ,910.3,916.2,916.5,904.25,915.0,914.15,911.97,1109459,101178968970000.0,46394,608314,0.5483
2021-01-08,SBILIFE,EQ,914.15,920.0,954.5,918.0,934.0,935.5,938.64,4436263,416406130085000.0,125721,1447148,0.3262
2021-01-11,SBILIFE,EQ,935.5,940.0,952.5,926.85,935.35,936.25,941.85,2146652,202182239125000.0,52111,672185,0.3131
2021-01-12,SBILIFE,EQ,936.25,934.8,936.0,921.55,924.0,925.0,926.48,1573331,145765187725000.0,54750,926643,0.589
2021-01-13,SBILIFE,EQ,925.0,927.5,949.0,922.5,928.4,926.55,936.47,1996557,186971085355000.0,47434,741726,0.3715
2021-01-14,SBILIFE,EQ,926.55,930.1,931.85,918.5,925.0,925.15,924.9,719918,66585421275000.0,33051,295373,0.4103
2021-01-15,SBILIFE,EQ,925.15,925.15,929.8,903.4,909.8,910.25,915.49,733660,67165868920000.01,27162,290136,0.39549999999999996
2021-01-18,SBILIFE,EQ,910.25,899.0,907.2,883.2,892.9,892.9,894.71,936905,83826004215000.0,29450,258707,0.2761
2021-01-19,SBILIFE,EQ,892.9,890.5,918.0,890.5,903.0,904.4,909.3,1420092,129128956480000.0,42873,375640,0.2645
2021-01-20,SBILIFE,EQ,904.4,905.1,910.9,895.0,898.3,896.75,901.7,1147187,103441313910000.0,43276,606255,0.5285
2021-01-21,SBILIFE,EQ,896.75,907.8,907.8,875.0,886.0,878.3,887.33,1913821,169818952600000.0,58071,1071071,0.5597
2021-01-22,SBILIFE,EQ,878.3,885.5,885.7,838.0,857.65,862.55,864.01,3421388,295609715560000.0,139665,1197928,0.35009999999999997
2021-01-25,SBILIFE,EQ,862.55,865.9,882.75,853.0,861.0,862.85,869.52,2534590,220386540140000.0,69325,891648,0.3518
2021-01-27,SBILIFE,EQ,862.85,865.3,885.0,859.1,883.0,881.75,876.49,2745728,240659778410000.0,118122,1258046,0.4582
2021-01-28,SBILIFE,EQ,881.75,883.0,884.35,868.85,875.0,872.55,874.61,1855486,162282460875000.0,75530,802350,0.4324
2021-01-29,SBILIFE,EQ,872.55,876.55,883.05,858.05,865.0,864.45,872.4,2286478,199472738660000.0,86951,1495995,0.6543000000000001
2021-02-01,SBILIFE,EQ,864.45,875.0,897.0,852.05,877.0,874.5,879.03,3099408,272447077630000.03,90448,1042491,0.33640000000000003
2021-02-02,SBILIFE,EQ,874.5,888.0,890.0,857.95,866.4,865.35,869.62,2781083,241848172760000.0,66482,1470277,0.5287
2021-02-03,SBILIFE,EQ,865.35,870.0,879.95,858.35,867.3,866.15,871.02,1883217,164032799965000.0,75537,768792,0.4082
2021-02-04,SBILIFE,EQ,866.15,866.15,870.7,859.0,864.5,863.9,863.27,2094974,180853720260000.0,67617,1424741,0.6801
2021-02-05,SBILIFE,EQ,863.9,866.75,870.0,853.65,864.85,864.2,861.19,1766235,152106727130000.0,65549,895257,0.5069
2021-02-08,SBILIFE,EQ,864.2,865.0,871.7,857.0,858.8,859.1,862.93,1899676,163929425800000.0,74475,1238056,0.6517000000000001
2021-02-09,SBILIFE,EQ,859.1,869.0,895.0,863.0,893.0,888.7,885.04,4311868,381617699930000.0,130595,1446872,0.3356
2021-02-10,SBILIFE,EQ,888.7,898.0,915.25,894.0,911.0,911.35,908.15,4993209,453458152575000.0,121901,1167765,0.2339
2021-02-11,SBILIFE,EQ,911.35,909.8,921.9,905.55,907.55,907.35,912.65,2184819,199396943925000.0,62777,860636,0.39390000000000003
2021-02-12,SBILIFE,EQ,907.35,908.0,913.5,893.45,899.0,896.85,905.05,984794,89128307625000.0,30879,359762,0.3653
2021-02-15,SBILIFE,EQ,896.85,898.0,901.15,875.0,876.5,877.25,882.93,1715171,151437743365000.0,65973,879928,0.513
2021-02-16,SBILIFE,EQ,877.25,877.25,888.3,869.0,872.7,872.0,877.35,1634864,143434282425000.0,45476,703729,0.4305
2021-02-17,SBILIFE,EQ,872.0,870.0,883.15,870.0,875.0,877.15,878.32,1496973,131481510525000.0,34902,700949,0.4682
2021-02-18,SBILIFE,EQ,877.15,880.1,898.85,878.7,893.95,893.5,891.39,2387930,212856610740000.0,105944,1014285,0.42479999999999996
2021-02-19,SBILIFE,EQ,893.5,898.4,899.15,874.25,882.7,881.5,886.64,1120800,99374178220000.0,29696,381640,0.34049999999999997
2021-02-22,SBILIFE,EQ,881.5,880.0,885.0,845.1,847.95,849.05,859.15,1810985,155591473390000.0,57921,773246,0.42700000000000005
2021-02-23,SBILIFE,EQ,849.05,853.0,874.4,849.0,869.0,869.7,864.64,1480977,128051539595000.0,46526,640844,0.43270000000000003
2021-02-24,SBILIFE,EQ,869.7,870.1,875.9,852.7,872.8,871.55,867.81,683427,59308810579999.99,28894,315954,0.4623
2021-02-25,SBILIFE,EQ,871.55,873.2,882.9,869.7,875.0,872.4,877.05,1885254,165345287510000.0,49795,1245144,0.6605
2021-02-26,SBILIFE,EQ,872.4,860.0,878.95,858.05,863.95,866.9,866.85,2636891,228578195175000.0,73363,1609060,0.6102000000000001
2021-03-01,SBILIFE,EQ,866.9,860.0,879.0,852.2,875.6,876.4,862.48,2648545,228430614215000.0,52594,1365679,0.5156000000000001
2021-03-02,SBILIFE,EQ,876.4,876.75,886.0,870.5,885.3,879.15,878.43,1583910,139135020440000.02,51328,823378,0.5197999999999999
2021-03-03,SBILIFE,EQ,879.15,888.0,910.0,883.5,906.95,906.45,899.01,2127137,191231794995000.0,68703,1091683,0.5132
2021-03-04,SBILIFE,EQ,906.45,899.7,924.8,892.4,915.0,915.9,916.79,3140379,287906801000000.0,58760,1538234,0.48979999999999996
2021-03-05,SBILIFE,EQ,915.9,910.0,915.0,894.95,903.0,903.55,903.85,1268992,114697641755000.0,58550,594486,0.4685
2021-03-08,SBILIFE,EQ,903.55,903.6,930.65,901.7,929.0,923.85,916.59,1396479,127999377830000.0,54919,521109,0.37320000000000003
2021-03-09,SBILIFE,EQ,923.85,950.0,983.75,939.0,969.8,971.3,967.45,11031435,1067233008770000.1,274030,2906535,0.2635
2021-03-10,SBILIFE,EQ,971.3,973.7,974.0,936.0,937.5,940.75,951.04,2362998,224730171344999.97,69981,683304,0.2892
2021-03-12,SBILIFE,EQ,940.75,905.05,936.3,905.0,915.7,914.2,918.45,28967831,2660543929590000.0,311829,11145468,0.3848
2021-03-15,SBILIFE,EQ,914.2,921.0,926.75,902.0,918.6,920.0,916.35,4581841,419856254270000.0,80774,1801963,0.3933
2021-03-16,SBILIFE,EQ,920.0,918.45,923.9,911.0,914.0,914.05,916.49,1422174,130340609795000.0,49302,574933,0.4043
2021-03-17,SBILIFE,EQ,914.05,923.9,923.9,885.2,887.3,888.95,899.61,3809803,342733436430000.0,108325,2138305,0.5613
2021-03-18,SBILIFE,EQ,888.95,895.0,898.0,882.3,891.95,890.45,889.99,2657918,236551076669999.97,92379,1522514,0.5728
2021-03-19,SBILIFE,EQ,890.45,887.95,909.95,882.3,905.85,906.7,897.91,2849173,255829012635000.0,85533,1377614,0.48350000000000004
2021-03-22,SBILIFE,EQ,906.7,905.0,909.25,895.35,897.55,900.2,900.4,1660688,149528770065000.0,73156,1025097,0.6173
2021-03-23,SBILIFE,EQ,900.2,904.8,910.85,895.0,897.5,898.9,901.48,1642691,148085003255000.0,78599,902140,0.5492
2021-03-24,SBILIFE,EQ,898.9,893.0,895.0,875.05,879.5,880.7,881.91,1900721,167625788190000.0,79935,948347,0.4989
2021-03-25,SBILIFE,EQ,880.7,875.1,884.3,861.0,868.6,864.1,872.96,2711471,236700737580000.03,111624,1714275,0.6322
2021-03-26,SBILIFE,EQ,864.1,870.0,876.9,868.1,870.4,873.95,872.24,1194885,104223039865000.0,43704,614773,0.5145000000000001
2021-03-30,SBILIFE,EQ,873.95,876.0,881.0,868.0,877.0,872.15,873.97,1276847,111592310765000.02,50495,620736,0.48610000000000003
2021-03-31,SBILIFE,EQ,872.15,876.0,890.9,870.95,878.65,880.85,883.41,1929013,170410900720000.0,56764,978795,0.5074000000000001
2021-04-01,SBILIFE,EQ,880.85,881.6,890.05,876.5,887.9,883.45,883.34,1193426,105420396060000.0,66595,650173,0.5448
2021-04-05,SBILIFE,EQ,883.45,885.0,887.0,864.8,874.0,872.55,871.45,1091002,95075895075000.0,41719,492106,0.4511
2021-04-06,SBILIFE,EQ,872.55,872.8,903.0,865.95,901.0,897.55,886.55,1351799,119843458559999.98,48763,565773,0.41850000000000004
2021-04-07,SBILIFE,EQ,897.55,901.0,921.0,898.25,916.5,918.5,914.61,2860132,261591224515000.0,77247,1357099,0.47450000000000003
2021-04-08,SBILIFE,EQ,918.5,921.4,921.4,905.0,909.2,908.5,913.19,1342782,122621675895000.0,42709,626376,0.46649999999999997
2021-04-09,SBILIFE,EQ,908.5,904.6,915.95,900.2,910.8,910.1,908.27,1344813,122144995780000.0,43886,671113,0.499
2021-04-12,SBILIFE,EQ,910.1,900.65,905.4,868.5,877.0,872.45,879.53,1485108,130619634725000.0,46257,766650,0.5162
2021-04-13,SBILIFE,EQ,872.45,881.45,900.75,874.75,897.15,897.8,885.63,1174856,104048480270000.0,34636,616392,0.5246999999999999
2021-04-15,SBILIFE,EQ,897.8,895.0,912.0,890.0,911.5,908.7,898.3,1464475,131553283684999.98,36075,742808,0.5072
2021-04-16,SBILIFE,EQ,908.7,917.0,919.55,905.6,913.3,914.2,915.04,1310422,119908207425000.0,38664,524668,0.4004
2021-04-19,SBILIFE,EQ,914.2,897.2,909.9,888.5,905.9,906.25,900.08,1580387,142247422705000.0,46175,947117,0.5993
2021-04-20,SBILIFE,EQ,906.25,917.0,931.1,895.35,900.95,898.95,915.45,3593124,328932402200000.0,125244,1607415,0.4474
2021-04-22,SBILIFE,EQ,898.95,900.0,920.65,895.05,914.0,914.4,914.09,1988641,181780416545000.0,46717,1115678,0.561
2021-04-23,SBILIFE,EQ,914.4,896.35,941.9,896.35,920.0,922.85,930.99,3601606,335306435480000.0,87117,1087836,0.302
2021-04-26,SBILIFE,EQ,922.85,919.15,946.9,916.0,939.7,942.5,939.16,3751088,352286794105000.0,66202,2292134,0.6111
2021-04-27,SBILIFE,EQ,942.5,946.0,946.8,925.0,927.0,928.75,929.88,1926977,179184935540000.0,86694,1069722,0.5551
2021-04-28,SBILIFE,EQ,928.75,934.0,934.0,914.15,928.5,930.4,924.42,1904945,176097196725000.0,62032,863234,0.4532
2021-04-29,SBILIFE,EQ,930.4,930.4,935.0,921.3,927.95,928.2,927.67,830577,77050186120000.0,34189,354210,0.4265
2021-04-30,SBILIFE,EQ,928.2,928.0,940.5,919.8,929.0,928.7,932.02,1326833,123663632500000.0,52519,744010,0.5607
2021-05-03,SBILIFE,EQ,928.7,921.95,980.0,916.05,979.1,958.6,953.26,5424609,517107516975000.0,130711,1565880,0.2887
2021-05-04,SBILIFE,EQ,958.6,998.0,1005.0,942.55,984.0,982.9,980.77,10515809,1031357289165000.0,221039,2857263,0.2717
2021-05-05,SBILIFE,EQ,982.9,989.95,1019.8,965.0,969.95,973.1,989.13,5475550,541603476025000.0,159239,713658,0.1303
2021-05-06,SBILIFE,EQ,973.1,977.3,983.45,961.2,967.15,969.4,969.56,1800692,174587921245000.0,60446,578139,0.3211
2021-05-07,SBILIFE,EQ,969.4,1030.0,1044.7,974.4,998.95,1000.25,999.68,11010394,1100691821745000.1,207971,1569460,0.14250000000000002
2021-05-10,SBILIFE,EQ,1000.25,1009.3,1017.5,995.0,1006.45,1005.0,1005.95,2370879,238497496855000.03,67497,668743,0.2821
2021-05-11,SBILIFE,EQ,1005.0,998.0,1015.0,990.5,1001.0,1000.95,1004.83,1297672,130393397455000.0,36794,332486,0.25620000000000004
2021-05-12,SBILIFE,EQ,1000.95,995.55,1000.9,970.0,971.9,972.9,977.71,3513520,343519190270000.0,85418,1958021,0.5573
2021-05-14,SBILIFE,EQ,972.9,972.95,982.0,965.0,978.0,978.4,974.36,1331063,129694099040000.02,38722,592478,0.4451
2021-05-17,SBILIFE,EQ,978.4,978.4,988.8,961.2,964.7,963.65,968.86,2181641,211369460965000.0,66486,991392,0.45439999999999997
2021-05-18,SBILIFE,EQ,963.65,965.9,976.0,964.2,967.1,968.45,968.72,1342840,130083475425000.0,41013,584447,0.43520000000000003
2021-05-19,SBILIFE,EQ,968.45,968.45,979.9,963.0,977.0,978.05,971.16,1101773,106999629040000.0,34950,503270,0.4568
2021-05-20,SBILIFE,EQ,978.05,981.45,984.45,965.8,969.6,969.15,975.2,1463348,142706201280000.0,37749,619252,0.4232
2021-05-21,SBILIFE,EQ,969.15,968.1,975.7,965.25,970.0,969.25,969.9,1245988,120847901609999.98,29912,712253,0.5716
2021-05-24,SBILIFE,EQ,969.25,967.35,971.95,960.65,962.0,962.5,964.37,1841255,177564640755000.0,50775,1243848,0.6755
2021-05-25,SBILIFE,EQ,962.5,967.0,972.6,963.15,966.4,965.3,965.73,1235079,119275841440000.02,59326,780727,0.6321
2021-05-26,SBILIFE,EQ,965.3,969.0,980.0,969.0,971.0,971.75,974.72,1719675,167620618880000.0,55889,792769,0.461
2021-05-27,SBILIFE,EQ,971.75,976.5,986.0,965.55,985.0,982.1,975.49,2428883,236935279919999.97,57852,1544895,0.6361
2021-05-28,SBILIFE,EQ,982.1,986.0,987.0,972.0,980.0,976.85,979.38,1137566,111410957355000.0,32561,586218,0.5153
2021-05-31,SBILIFE,EQ,976.85,977.0,982.8,970.65,975.2,975.65,974.92,785669,76596480875000.0,38696,362787,0.4618
2021-06-01,SBILIFE,EQ,975.65,978.4,982.0,960.1,965.65,966.3,968.43,1420625,137577030805000.0,51172,780602,0.5495
2021-06-02,SBILIFE,EQ,966.3,965.0,993.45,963.4,981.5,984.4,982.01,2488600,244384096340000.0,59738,1124361,0.4518
2021-06-03,SBILIFE,EQ,984.4,986.5,990.85,981.5,986.5,986.85,986.11,1724751,170078744375000.0,55797,1014866,0.5884
2021-06-04,SBILIFE,EQ,986.85,994.95,994.95,984.0,987.6,989.15,989.04,996919,98599398730000.0,61924,456467,0.4579
2021-06-07,SBILIFE,EQ,989.15,995.0,997.95,987.0,988.2,988.5,990.29,693875,68713888650000.0,34639,428255,0.6172
2021-06-08,SBILIFE,EQ,988.5,988.0,988.0,963.0,980.75,979.85,976.29,3262160,318480621450000.0,111284,1952928,0.5987
2021-06-09,SBILIFE,EQ,979.85,978.15,1007.0,978.15,997.0,998.6,998.52,3809219,380358448395000.0,110768,1588610,0.41700000000000004
2021-06-10,SBILIFE,EQ,998.6,1005.0,1005.0,992.05,997.2,997.55,998.69,1041345,103998125925000.0,40352,360091,0.3458
2021-06-11,SBILIFE,EQ,997.55,998.9,1002.5,984.0,990.0,988.1,991.06,823207,81584820885000.0,37137,337894,0.4105
2021-06-14,SBILIFE,EQ,988.1,988.1,992.75,971.35,985.0,986.15,983.1,514960,50625834630000.0,23915,186018,0.36119999999999997
2021-06-15,SBILIFE,EQ,986.15,991.8,1003.75,980.85,997.0,995.85,995.67,1137725,113279689545000.0,40032,441511,0.38810000000000006
2021-06-16,SBILIFE,EQ,995.85,999.95,1003.85,988.35,991.2,991.8,996.21,833286,83013109290000.0,31254,373622,0.4484
2021-06-17,SBILIFE,EQ,991.8,983.0,992.7,977.0,983.0,983.3,986.32,869613,85771333085000.0,41948,470732,0.5413
2021-06-18,SBILIFE,EQ,983.3,1000.7,1000.7,956.75,983.55,982.55,977.12,1888723,184550753905000.0,56255,948954,0.5024000000000001
2021-06-21,SBILIFE,EQ,982.55,973.0,990.4,968.35,984.9,981.55,975.31,887943,86602102415000.0,31296,462385,0.5207
2021-06-22,SBILIFE,EQ,981.55,982.0,1011.0,980.05,1005.0,1007.0,999.17,2289172,228728192280000.03,56603,1130862,0.494
2021-06-23,SBILIFE,EQ,1007.0,1010.5,1015.05,999.0,999.2,1000.55,1005.64,1802617,181278306130000.0,59987,700449,0.3886
2021-06-24,SBILIFE,EQ,1000.55,1000.1,1005.45,995.0,1001.4,1002.15,999.69,932721,93242892045000.0,32286,351136,0.3765
2021-06-25,SBILIFE,EQ,1002.15,997.0,1017.55,991.4,1007.05,1007.15,1007.97,980203,98801396940000.0,36915,340247,0.3471
2021-06-28,SBILIFE,EQ,1007.15,1010.5,1019.7,998.0,1003.0,1002.1,1009.38,1107325,111771382825000.0,45933,510224,0.4608
2021-06-29,SBILIFE,EQ,1002.1,1000.1,1017.3,995.25,998.0,999.4,1001.83,2486963,249152428785000.0,70998,1537989,0.6184000000000001
2021-06-30,SBILIFE,EQ,999.4,1002.4,1011.75,998.45,1007.15,1008.15,1007.29,777901,78356813365000.0,29245,342169,0.4399
2021-07-01,SBILIFE,EQ,1008.15,1009.0,1017.4,1002.6,1007.0,1006.9,1010.17,834379,84286570075000.0,23523,462753,0.5546
2021-07-02,SBILIFE,EQ,1006.9,1010.9,1010.9,996.05,1006.1,1007.2,1003.49,581097,58312290429999.99,33193,271179,0.4667
2021-07-05,SBILIFE,EQ,1007.2,1014.0,1014.95,1005.8,1009.55,1009.85,1011.4,431929,43685501305000.0,15397,166437,0.38530000000000003
2021-07-06,SBILIFE,EQ,1009.85,1010.95,1032.9,1006.1,1025.0,1023.15,1025.29,1693798,173664251930000.0,59445,570874,0.337
2021-07-07,SBILIFE,EQ,1023.15,1023.5,1027.0,1012.55,1015.0,1014.4,1019.17,888200,90522908605000.0,29662,568117,0.6396000000000001
2021-07-08,SBILIFE,EQ,1014.4,1010.75,1026.0,1002.1,1023.45,1021.6,1016.16,868890,88293061075000.0,22013,448997,0.5167
2021-07-09,SBILIFE,EQ,1021.6,1014.1,1028.0,1012.55,1019.7,1019.6,1019.79,930387,94879959125000.0,33331,431268,0.4635
2021-07-12,SBILIFE,EQ,1019.6,1019.7,1036.0,1018.95,1035.5,1033.45,1030.87,1297301,133735052365000.02,35167,638203,0.4919
2021-07-13,SBILIFE,EQ,1033.45,1040.0,1056.5,1036.05,1055.0,1052.65,1047.52,2525938,264596023275000.0,75992,1351077,0.5349
2021-07-14,SBILIFE,EQ,1052.65,1050.0,1060.85,1047.0,1053.0,1052.4,1055.82,1596046,168513817240000.0,38173,975292,0.6111
2021-07-15,SBILIFE,EQ,1052.4,1053.5,1064.95,1049.35,1053.0,1052.95,1053.98,796945,83996168015000.0,26224,450949,0.5658
2021-07-16,SBILIFE,EQ,1052.95,1054.0,1057.85,1047.1,1050.0,1050.25,1050.71,699003,73445013890000.0,38400,423947,0.6065
2021-07-19,SBILIFE,EQ,1050.25,1044.9,1050.25,1027.3,1037.2,1037.85,1040.46,643558,66959376470000.01,29775,369046,0.5734
2021-07-20,SBILIFE,EQ,1037.85,1037.25,1041.2,1012.8,1016.2,1014.75,1023.88,695099,71169761575000.0,38525,396251,0.5700999999999999
2021-07-22,SBILIFE,EQ,1014.75,1017.0,1038.8,1017.0,1028.0,1026.0,1030.31,915518,94327175870000.0,39460,317117,0.3464
2021-07-23,SBILIFE,EQ,1026.0,1025.5,1053.95,1023.55,1048.95,1050.45,1046.63,1290998,135119245920000.0,47020,383044,0.2967
2021-07-26,SBILIFE,EQ,1050.45,1048.0,1104.9,1040.1,1092.05,1076.65,1067.16,2151393,229587603385000.0,75601,521384,0.24230000000000002
2021-07-27,SBILIFE,EQ,1076.65,1098.0,1113.75,1063.0,1111.0,1105.15,1094.19,6096747,667100316085000.0,148592,2547453,0.4178
2021-07-28,SBILIFE,EQ,1105.15,1115.0,1138.8,1093.0,1129.0,1133.4,1120.79,4409570,494218251210000.06,119403,1399613,0.3174
2021-07-29,SBILIFE,EQ,1133.4,1133.0,1148.0,1124.05,1124.05,1128.85,1137.87,1555904,177042331925000.0,55486,589170,0.3787
2021-07-30,SBILIFE,EQ,1128.85,1123.0,1123.0,1092.0,1111.05,1098.6,1104.96,1238229,136819931634999.98,41660,505427,0.4082
2021-08-02,SBILIFE,EQ,1098.6,1111.05,1128.5,1101.95,1105.25,1107.2,1112.02,1582968,176028823210000.0,67011,682769,0.4313
2021-08-03,SBILIFE,EQ,1107.2,1105.25,1134.9,1094.8,1128.25,1131.7,1118.27,1033719,115598201595000.0,41873,315697,0.3054
2021-08-04,SBILIFE,EQ,1131.7,1130.0,1144.65,1125.0,1139.5,1136.85,1136.06,1840302,209069245700000.0,86681,959859,0.5216
2021-08-05,SBILIFE,EQ,1136.85,1170.2,1175.7,1125.0,1138.25,1134.75,1142.83,6687775,764298476480000.0,136770,2959391,0.4425
2021-08-06,SBILIFE,EQ,1134.75,1140.0,1154.25,1127.45,1151.25,1150.7,1142.88,1654283,189064458415000.0,48757,892893,0.5397
2021-08-09,SBILIFE,EQ,1150.7,1151.25,1156.0,1128.85,1132.0,1136.45,1143.85,1491795,170638391850000.0,47330,781408,0.5238
2021-08-10,SBILIFE,EQ,1136.45,1142.75,1146.0,1120.15,1126.4,1127.6,1133.29,1911046,216576465855000.03,109152,1112522,0.5822
2021-08-11,SBILIFE,EQ,1127.6,1130.0,1142.1,1113.1,1132.0,1135.4,1129.65,1458158,164721434710000.0,89491,835837,0.5732
2021-08-12,SBILIFE,EQ,1135.4,1136.3,1150.95,1128.55,1134.0,1134.05,1137.06,1054244,119874117105000.0,39586,548495,0.5203
2021-08-13,SBILIFE,EQ,1134.05,1132.0,1142.5,1131.05,1137.0,1138.6,1138.29,712776,81134920815000.0,38389,371351,0.521
2021-08-16,SBILIFE,EQ,1138.6,1132.0,1144.5,1128.35,1135.0,1139.1,1139.06,479277,54592330900000.0,23177,181138,0.3779
2021-08-17,SBILIFE,EQ,1139.1,1138.0,1151.8,1123.55,1135.0,1134.8,1137.41,1991904,226562031530000.03,55050,1140794,0.5727000000000001
2021-08-18,SBILIFE,EQ,1134.8,1135.0,1146.4,1100.2,1114.0,1114.05,1119.73,3428721,383924007730000.0,71214,1908854,0.5567000000000001
2021-08-20,SBILIFE,EQ,1114.05,1114.05,1133.5,1100.5,1117.25,1125.3,1116.18,2127671,237486741815000.0,69599,1064883,0.5005
2021-08-23,SBILIFE,EQ,1125.3,1127.0,1140.95,1118.6,1132.9,1135.45,1132.78,1251406,141756541745000.0,46266,533522,0.4263
2021-08-24,SBILIFE,EQ,1135.45,1140.0,1165.9,1130.65,1160.3,1160.4,1146.86,1211218,138909569100000.0,56510,562410,0.4643
2021-08-25,SBILIFE,EQ,1160.4,1168.0,1171.65,1150.15,1153.7,1156.15,1158.87,893931,103595398300000.0,34417,217695,0.24350000000000002
2021-08-26,SBILIFE,EQ,1156.15,1151.2,1164.5,1144.85,1153.65,1151.8,1153.27,823814,95007617050000.0,33619,284126,0.34490000000000004
2021-08-27,SBILIFE,EQ,1151.8,1154.8,1192.65,1145.3,1184.1,1184.05,1179.39,2469538,291255288340000.0,73378,794379,0.32170000000000004
2021-08-30,SBILIFE,EQ,1184.05,1189.5,1199.0,1176.55,1179.25,1180.7,1185.5,1690833,200448737205000.0,60336,868027,0.5134000000000001
2021-08-31,SBILIFE,EQ,1180.7,1180.7,1194.5,1171.65,1191.0,1192.05,1187.57,1719768,204234562160000.0,42832,1017152,0.5914
2021-09-01,SBILIFE,EQ,1192.05,1189.0,1222.8,1183.9,1214.4,1220.5,1209.57,1955177,236491696994999.97,86608,1066062,0.5453
2021-09-02,SBILIFE,EQ,1220.5,1229.8,1250.0,1224.2,1245.15,1243.4,1237.53,2468599,305496797270000.0,86453,1415577,0.5734
2021-09-03,SBILIFE,EQ,1243.4,1246.95,1253.65,1226.0,1243.45,1244.15,1240.06,1295336,160629630440000.0,49279,686566,0.53
2021-09-06,SBILIFE,EQ,1244.15,1245.0,1248.0,1233.5,1245.0,1244.65,1241.6,1166873,144879446310000.0,29038,782120,0.6703
2021-09-07,SBILIFE,EQ,1244.65,1245.0,1253.35,1228.25,1235.0,1238.75,1235.44,1164891,143914741030000.0,40996,608104,0.522
2021-09-08,SBILIFE,EQ,1238.75,1246.05,1246.95,1211.95,1218.0,1220.05,1224.87,1909087,233838782535000.0,58231,981951,0.5144
2021-09-09,SBILIFE,EQ,1220.05,1177.0,1199.65,1168.0,1174.0,1173.2,1177.56,10115407,1191146244195000.0,176069,4736988,0.4683
2021-09-13,SBILIFE,EQ,1173.2,1179.05,1179.05,1153.35,1163.0,1165.15,1163.13,2374250,276156700619999.97,106763,1500586,0.632
2021-09-14,SBILIFE,EQ,1165.15,1170.0,1174.0,1158.05,1170.0,1170.9,1168.35,1338821,156420730720000.0,56652,816887,0.6102000000000001
2021-09-15,SBILIFE,EQ,1170.9,1170.9,1176.0,1165.5,1171.95,1172.45,1171.29,1875092,219627872805000.03,74108,1351063,0.7205
2021-09-16,SBILIFE,EQ,1172.45,1174.2,1187.0,1168.0,1183.2,1184.9,1178.97,3028407,357040006260000.0,135595,2294638,0.7576999999999999
2021-09-17,SBILIFE,EQ,1184.9,1203.0,1204.8,1183.45,1197.15,1198.8,1195.92,4143024,495473326230000.0,126207,2459276,0.5936
2021-09-20,SBILIFE,EQ,1198.8,1189.85,1198.7,1174.0,1176.0,1177.5,1186.96,2117784,251372695744999.97,63162,1228326,0.58
2021-09-21,SBILIFE,EQ,1177.5,1189.0,1195.95,1170.9,1184.35,1184.6,1183.0,2117913,250548149690000.0,88147,1366583,0.6452
2021-09-22,SBILIFE,EQ,1184.6,1184.6,1203.55,1177.75,1190.0,1191.3,1189.96,1399326,166514130325000.0,51212,683935,0.4888
2021-09-23,SBILIFE,EQ,1191.3,1224.0,1224.0,1198.5,1219.0,1218.3,1210.2,2659260,321822885230000.0,74097,1640049,0.6167
2021-09-24,SBILIFE,EQ,1218.3,1219.0,1238.55,1207.6,1218.0,1222.05,1225.96,1703375,208827709340000.0,67906,850786,0.49950000000000006
2021-09-27,SBILIFE,EQ,1222.05,1229.95,1233.0,1208.85,1222.2,1222.8,1218.66,728019,88720623975000.0,33634,405976,0.5576
2021-09-28,SBILIFE,EQ,1222.8,1222.5,1229.15,1202.3,1204.75,1210.3,1213.35,1588306,192717001405000.0,50316,1115242,0.7022
2021-09-29,SBILIFE,EQ,1210.3,1206.0,1214.8,1196.8,1208.3,1205.95,1203.49,1623118,195340460555000.0,70117,1063891,0.6555
2021-09-30,SBILIFE,EQ,1205.95,1209.15,1219.0,1196.75,1209.6,1215.1,1207.47,1234882,149108519200000.0,66625,708027,0.5734
2021-10-01,SBILIFE,EQ,1215.1,1204.0,1217.55,1199.4,1210.0,1209.05,1205.54,830634,100136621090000.0,63049,462927,0.5573
2021-10-04,SBILIFE,EQ,1209.05,1211.0,1240.0,1206.05,1232.0,1230.85,1227.62,1664614,204351069410000.0,59482,944821,0.5676
2021-10-05,SBILIFE,EQ,1230.85,1231.0,1267.5,1227.0,1263.95,1261.95,1246.72,2282814,284603688800000.0,72538,1218169,0.5336
2021-10-06,SBILIFE,EQ,1261.95,1273.0,1273.9,1205.4,1216.0,1212.05,1235.45,2630744,325015102180000.0,101719,1139921,0.4333
2021-10-07,SBILIFE,EQ,1212.05,1227.0,1234.2,1207.2,1208.7,1215.05,1221.15,2674007,326536670935000.0,95536,1814571,0.6786
2021-10-08,SBILIFE,EQ,1215.05,1224.95,1229.0,1191.95,1196.65,1196.45,1209.96,1661548,201040518090000.0,83307,927198,0.5579999999999999
2021-10-11,SBILIFE,EQ,1196.45,1199.95,1218.5,1199.95,1207.25,1206.1,1211.4,822914,99688042355000.0,34180,419846,0.5102
2021-10-12,SBILIFE,EQ,1206.1,1209.0,1215.0,1198.15,1210.6,1210.6,1208.02,815338,98494640640000.0,42975,492091,0.6035
2021-10-13,SBILIFE,EQ,1210.6,1210.6,1218.65,1184.4,1189.25,1191.75,1200.2,1281752,153835556465000.0,51027,972220,0.7585
2021-10-14,SBILIFE,EQ,1191.75,1192.95,1198.9,1173.8,1183.05,1185.55,1186.95,2080766,246977390580000.03,102143,1472929,0.7079000000000001
2021-10-18,SBILIFE,EQ,1185.55,1220.0,1220.0,1185.55,1195.0,1192.5,1196.16,934860,111823973325000.0,39485,484294,0.518
2021-10-19,SBILIFE,EQ,1192.5,1193.5,1215.9,1186.55,1197.6,1193.45,1201.13,1313098,157719946295000.0,51507,676936,0.5155
2021-10-20,SBILIFE,EQ,1193.45,1199.0,1203.0,1155.9,1169.15,1168.75,1173.95,2063277,242217878490000.0,56433,1258595,0.61
2021-10-21,SBILIFE,EQ,1168.75,1170.0,1184.45,1138.05,1159.0,1158.3,1156.02,1985866,229569290790000.0,69423,1188370,0.5984
2021-10-22,SBILIFE,EQ,1158.3,1168.0,1171.8,1141.7,1165.1,1167.2,1157.53,1112991,128832408180000.0,54626,566376,0.5089
2021-10-25,SBILIFE,EQ,1167.2,1157.6,1166.95,1126.3,1133.0,1129.7,1143.05,1843700,210743556605000.0,74416,1180071,0.6401000000000001
2021-10-26,SBILIFE,EQ,1129.7,1135.0,1178.3,1134.0,1173.0,1172.05,1162.77,1572647,182862343155000.0,65871,682970,0.4343
2021-10-27,SBILIFE,EQ,1172.05,1175.4,1202.05,1175.3,1189.95,1186.0,1189.34,1916766,227968064190000.0,65192,788404,0.41130000000000005
2021-10-28,SBILIFE,EQ,1186.0,1210.0,1221.75,1158.1,1173.9,1167.1,1180.66,3565017,420908289600000.0,105398,1381633,0.3876
2021-10-29,SBILIFE,EQ,1167.1,1167.1,1180.0,1142.1,1145.0,1145.55,1156.88,1518940,175723458000000.0,74754,733775,0.48310000000000003
2021-11-01,SBILIFE,EQ,1145.55,1148.0,1173.05,1138.55,1161.2,1163.35,1159.23,972538,112739751525000.0,36315,505336,0.5196000000000001
2021-11-02,SBILIFE,EQ,1163.35,1163.35,1172.25,1155.3,1169.9,1166.05,1164.38,1159884,135054956955000.0,53508,768678,0.6627
2021-11-03,SBILIFE,EQ,1166.05,1170.0,1198.4,1167.0,1179.2,1178.8,1181.29,1941052,229293681050000.0,105696,882518,0.4547
2021-11-04,SBILIFE,EQ,1178.8,1189.95,1189.95,1172.55,1182.5,1181.75,1181.82,119047,14069193544999.998,6683,56436,0.47409999999999997
2021-11-08,SBILIFE,EQ,1181.75,1183.0,1202.1,1177.35,1200.0,1200.65,1194.42,1361707,162645060365000.0,86527,929951,0.6829000000000001
2021-11-09,SBILIFE,EQ,1200.65,1212.0,1212.0,1192.4,1206.0,1207.25,1203.82,1521269,183133904575000.0,55422,998997,0.6567000000000001
2021-11-10,SBILIFE,EQ,1207.25,1197.1,1204.8,1181.05,1182.9,1183.75,1191.79,842679,100429814420000.0,44553,527204,0.6256
2021-11-11,SBILIFE,EQ,1183.75,1178.0,1192.1,1150.1,1154.1,1153.2,1162.98,1271079,147823849465000.0,90472,801936,0.6309
2021-11-12,SBILIFE,EQ,1153.2,1154.0,1177.0,1147.6,1175.0,1174.9,1166.75,1281030,149463605900000.0,65258,646376,0.5046
2021-11-15,SBILIFE,EQ,1174.9,1177.2,1179.5,1155.5,1157.75,1159.9,1163.53,662558,77090815445000.0,34655,369979,0.5584
2021-11-16,SBILIFE,EQ,1159.9,1169.9,1174.15,1150.65,1151.5,1153.0,1159.65,694696,80560480985000.0,34171,425788,0.6129
2021-11-17,SBILIFE,EQ,1153.0,1150.0,1196.95,1150.0,1180.05,1187.2,1184.84,2862829,339199046130000.0,105853,1153377,0.4029
2021-11-18,SBILIFE,EQ,1187.2,1190.0,1205.0,1178.5,1180.05,1182.05,1189.36,1527355,181657998225000.0,64646,678619,0.44430000000000003
2021-11-22,SBILIFE,EQ,1182.05,1182.05,1189.65,1137.15,1154.55,1150.65,1158.0,772737,89482588960000.0,51834,325063,0.4207
2021-11-23,SBILIFE,EQ,1150.65,1143.6,1159.2,1131.55,1156.0,1153.5,1150.29,820238,94351500285000.0,49513,438508,0.5346000000000001
2021-11-24,SBILIFE,EQ,1153.5,1159.25,1181.35,1152.0,1157.95,1163.75,1168.42,1136850,132831419340000.02,55804,536216,0.4717
2021-11-25,SBILIFE,EQ,1163.75,1157.75,1174.0,1152.5,1160.0,1159.5,1160.21,768462,89157686730000.0,54838,339662,0.44200000000000006
2021-11-26,SBILIFE,EQ,1159.5,1154.0,1154.0,1105.25,1130.85,1130.35,1133.36,2315515,262431600844999.97,92256,1332808,0.5756
2021-11-29,SBILIFE,EQ,1130.35,1112.0,1147.85,1103.75,1135.0,1136.25,1132.01,1120859,126881957740000.02,54728,495957,0.4425
2021-11-30,SBILIFE,EQ,1136.25,1135.0,1167.9,1134.15,1151.0,1160.55,1158.96,2253521,261173692760000.0,98379,1361699,0.6043000000000001
2021-12-01,SBILIFE,EQ,1160.55,1160.8,1179.45,1155.5,1164.0,1164.85,1167.17,1239348,144653576105000.0,66495,669840,0.5405
2021-12-02,SBILIFE,EQ,1164.85,1170.65,1190.0,1157.05,1184.0,1188.05,1181.36,1030248,121708960784999.98,67456,628263,0.6098
2021-12-03,SBILIFE,EQ,1188.05,1177.0,1188.05,1163.7,1165.0,1165.95,1172.83,1327943,155744729770000.0,78810,815995,0.6145
2021-12-06,SBILIFE,EQ,1165.95,1165.95,1179.0,1145.0,1145.6,1148.5,1156.99,936271,108325978865000.02,58431,562113,0.6004
2021-12-07,SBILIFE,EQ,1148.5,1157.0,1162.45,1139.0,1158.4,1159.15,1147.51,2090791,239920702015000.0,56453,1288232,0.6161
2021-12-08,SBILIFE,EQ,1159.15,1165.0,1173.0,1158.6,1171.0,1169.5,1163.05,2315306,269280975269999.97,66464,1727169,0.746
2021-12-09,SBILIFE,EQ,1169.5,1180.0,1184.95,1153.1,1157.95,1161.35,1160.81,1136171,131888112570000.0,40281,812372,0.715
2021-12-10,SBILIFE,EQ,1161.35,1161.0,1177.8,1156.8,1176.2,1175.6,1167.42,949040,110793199900000.0,32002,642694,0.6772
2021-12-13,SBILIFE,EQ,1175.6,1182.0,1204.65,1178.0,1193.75,1186.65,1193.6,2187282,261074941800000.0,71289,1394913,0.6377
2021-12-14,SBILIFE,EQ,1186.65,1179.0,1192.9,1178.15,1187.25,1188.55,1187.61,1171502,139128594230000.0,63932,766372,0.6542
2021-12-15,SBILIFE,EQ,1188.55,1188.55,1190.65,1162.3,1174.6,1174.65,1175.43,857540,100797681495000.0,27189,508497,0.593
2021-12-16,SBILIFE,EQ,1174.65,1178.5,1186.95,1160.15,1167.0,1163.8,1171.5,993629,116403893000000.0,37051,644428,0.6486
2021-12-17,SBILIFE,EQ,1163.8,1156.0,1161.95,1137.0,1144.95,1142.55,1145.35,982598,112541701184999.98,36599,629482,0.6406000000000001
2021-12-20,SBILIFE,EQ,1142.55,1139.5,1142.55,1100.6,1125.8,1125.7,1116.29,1341693,149772420525000.0,69523,776616,0.5788000000000001
2021-12-21,SBILIFE,EQ,1125.7,1135.6,1141.45,1117.7,1133.45,1135.25,1130.62,878721,99350345735000.0,37948,579346,0.6593000000000001
2021-12-22,SBILIFE,EQ,1135.25,1139.35,1139.9,1118.95,1124.0,1124.3,1126.58,846447,95359273540000.0,45163,470488,0.5558
2021-12-23,SBILIFE,EQ,1124.3,1134.0,1134.0,1116.15,1125.0,1125.45,1123.54,1026376,115317901705000.0,36220,568024,0.5534
2021-12-24,SBILIFE,EQ,1125.45,1130.8,1153.65,1126.0,1148.0,1148.2,1145.86,1930715,221233428719999.97,61672,784945,0.40659999999999996
2021-12-27,SBILIFE,EQ,1148.2,1148.0,1165.05,1135.35,1160.0,1161.95,1153.14,798129,92035085845000.0,27061,307294,0.385
2021-12-28,SBILIFE,EQ,1161.95,1165.3,1182.5,1161.6,1172.45,1177.6,1174.6,776910,91255501605000.0,32774,480943,0.619
2021-12-29,SBILIFE,EQ,1177.6,1177.6,1192.2,1167.0,1180.4,1185.65,1186.27,1400668,166157146520000.0,30594,889251,0.6349
2021-12-30,SBILIFE,EQ,1185.65,1183.9,1202.7,1180.9,1193.5,1195.2,1196.13,1335116,159696620415000.0,45422,816487,0.6115
2021-12-31,SBILIFE,EQ,1195.2,1199.0,1204.95,1187.1,1195.0,1196.0,1195.81,843128,100822398080000.0,38385,451455,0.5355
2022-01-03,SBILIFE,EQ,1196.0,1196.0,1214.45,1196.0,1205.5,1209.4,1208.17,925281,111789380209999.98,52017,623182,0.6735
2022-01-04,SBILIFE,EQ,1209.4,1206.3,1227.0,1205.5,1218.1,1220.6,1218.63,1409464,171762053485000.0,43541,661391,0.4693
2022-01-05,SBILIFE,EQ,1220.6,1215.0,1225.0,1213.75,1220.45,1219.85,1219.55,378090,46109906015000.0,25241,171345,0.4532
2022-01-06,SBILIFE,EQ,1219.85,1208.8,1228.45,1202.15,1202.6,1205.6,1215.59,1387627,168678485420000.0,40297,730363,0.5263
2022-01-07,SBILIFE,EQ,1205.6,1208.0,1219.25,1206.0,1217.35,1217.4,1213.53,1050768,127513527955000.0,39820,814979,0.7756000000000001
2022-01-10,SBILIFE,EQ,1217.4,1219.0,1240.7,1213.3,1230.8,1229.1,1230.52,1379165,169709587730000.0,72071,878030,0.6365999999999999
2022-01-11,SBILIFE,EQ,1229.1,1230.8,1239.95,1224.1,1232.5,1233.4,1231.78,985871,121437225930000.0,55126,614230,0.623
2022-01-12,SBILIFE,EQ,1233.4,1240.0,1255.4,1231.15,1247.35,1249.4,1245.97,1371034,170827142730000.0,44403,962172,0.7018000000000001
2022-01-13,SBILIFE,EQ,1249.4,1255.0,1261.0,1246.0,1260.05,1258.7,1254.9,933511,117145866820000.0,67818,545507,0.5844
2022-01-14,SBILIFE,EQ,1258.7,1259.0,1272.25,1254.5,1260.9,1263.6,1264.94,895522,113278458355000.0,41397,466723,0.5212
2022-01-17,SBILIFE,EQ,1263.6,1256.3,1293.25,1256.3,1288.4,1287.95,1282.46,1427239,183037437565000.0,81191,724365,0.5075000000000001
2022-01-18,SBILIFE,EQ,1287.95,1287.95,1293.0,1263.1,1267.65,1265.9,1273.87,869578,110772858540000.02,64978,528309,0.6075
2022-01-19,SBILIFE,EQ,1265.9,1263.0,1272.1,1240.6,1245.0,1248.1,1251.12,625670,78278943740000.0,42773,329707,0.527
2022-01-20,SBILIFE,EQ,1248.1,1248.0,1255.65,1230.95,1237.95,1238.7,1239.91,716954,88895502590000.0,31405,398554,0.5559000000000001
2022-01-21,SBILIFE,EQ,1238.7,1225.0,1263.2,1201.0,1239.0,1240.65,1229.12,2421446,297624292645000.0,68953,1153458,0.4764
2022-01-24,SBILIFE,EQ,1240.65,1240.0,1240.0,1205.15,1226.95,1225.0,1219.0,1073781,130893416945000.0,58647,489031,0.5669
2022-01-25,SBILIFE,EQ,1225.0,1212.1,1232.9,1210.25,1231.0,1228.0,1224.28,1083251,132619826390000.02,72127,631816,0.5833
2022-01-27,SBILIFE,EQ,1228.0,1219.0,1221.9,1201.85,1211.3,1211.65,1210.65,1793456,217124449415000.0,84464,878749,0.49
2022-01-28,SBILIFE,EQ,1211.65,1210.0,1237.75,1201.0,1204.0,1205.55,1219.65,635096,77459688310000.0,34695,310570,0.489
2022-01-31,SBILIFE,EQ,1205.55,1210.0,1238.4,1206.05,1237.05,1233.25,1229.62,1771932,217879642340000.0,63249,1127275,0.6362
2022-02-01,SBILIFE,EQ,1233.25,1250.0,1250.0,1202.6,1217.0,1214.95,1225.46,1593083,195226198140000.0,96254,821448,0.5156000000000001
2022-02-02,SBILIFE,EQ,1214.95,1216.7,1227.55,1211.05,1217.6,1220.1,1219.11,937000,114230657480000.0,53847,536625,0.5727000000000001
2022-02-03,SBILIFE,EQ,1220.1,1218.05,1220.0,1175.6,1184.95,1185.2,1192.14,1236574,147416878660000.0,63601,703076,0.5686
2022-02-04,SBILIFE,EQ,1185.2,1194.0,1194.0,1165.15,1170.0,1172.1,1175.11,856452,100642315635000.0,50444,503864,0.5883
2022-02-07,SBILIFE,EQ,1172.1,1161.8,1171.7,1131.9,1146.3,1144.0,1145.23,1519928,174067264890000.0,63489,770335,0.5068
2022-02-08,SBILIFE,EQ,1144.0,1145.0,1149.0,1117.35,1128.85,1131.15,1129.79,1511667,170786798070000.0,89744,784765,0.5191
2022-02-09,SBILIFE,EQ,1131.15,1132.0,1140.8,1118.0,1128.95,1125.7,1126.47,1741687,196196295440000.0,74197,1184975,0.6804000000000001
2022-02-10,SBILIFE,EQ,1125.7,1125.0,1150.0,1108.0,1147.5,1146.25,1133.82,2030639,230237510080000.03,119252,1279315,0.63
2022-02-11,SBILIFE,EQ,1146.25,1144.85,1144.85,1124.0,1128.0,1133.3,1134.73,1942394,220409814650000.0,77133,1150095,0.5921000000000001
2022-02-14,SBILIFE,EQ,1133.3,1125.0,1127.0,1090.0,1100.0,1096.3,1107.5,2448602,271181489135000.0,98845,1369020,0.5590999999999999
2022-02-15,SBILIFE,EQ,1096.3,1096.0,1123.65,1086.2,1119.3,1119.95,1106.12,1245681,137786658105000.0,66434,649479,0.5214
2022-02-16,SBILIFE,EQ,1119.95,1128.0,1131.5,1102.0,1127.45,1122.15,1118.31,1294606,144777420240000.0,51417,562753,0.4347
2022-02-17,SBILIFE,EQ,1122.15,1128.0,1132.85,1111.9,1121.1,1126.35,1122.52,1182862,132779074834999.98,61244,631932,0.5342
2022-02-18,SBILIFE,EQ,1126.35,1124.8,1160.9,1111.35,1147.05,1150.5,1150.14,1734791,199525303155000.0,62766,531665,0.3065
2022-02-21,SBILIFE,EQ,1150.5,1145.0,1150.5,1123.0,1140.0,1134.75,1137.89,1020384,116108913805000.0,38533,526114,0.5156000000000001
2022-02-22,SBILIFE,EQ,1134.75,1106.0,1126.5,1096.1,1098.0,1100.95,1105.94,2115917,234007350050000.0,72230,1398663,0.6609999999999999
